{
    "avg_prec": 0.7555889781363778,
    "roc_auc": 0.9539993882897378
}