{
    "avg_prec": 0.7119495107972461,
    "roc_auc": 0.9546052322577615
}